<?xml version="1.0" encoding="UTF-8"?>
<project-private xmlns="http://www.netbeans.org/ns/project-private/1">
    <editor-bookmarks xmlns="http://www.netbeans.org/ns/editor-bookmarks/2" lastBookmarkId="0"/>
    <open-files xmlns="http://www.netbeans.org/ns/projectui-open-files/2">
        <group>
            <file>file:/C:/Users/samue/OneDrive/Documentos/NetBeansProjects/Universidade/src/Repository/AlunoRepository.java</file>
            <file>file:/C:/Users/samue/OneDrive/Documentos/NetBeansProjects/Universidade/src/View/MenuDepartamento.java</file>
            <file>file:/C:/Users/samue/OneDrive/Documentos/NetBeansProjects/Universidade/src/Model/Aluno.java</file>
            <file>file:/C:/Users/samue/OneDrive/Documentos/NetBeansProjects/Universidade/src/View/MenuCurso.java</file>
            <file>file:/C:/Users/samue/OneDrive/Documentos/NetBeansProjects/Universidade/src/View/MenuPrincipal.java</file>
            <file>file:/C:/Users/samue/OneDrive/Documentos/NetBeansProjects/Universidade/src/View/MenuHistorico.java</file>
            <file>file:/C:/Users/samue/OneDrive/Documentos/NetBeansProjects/Universidade/src/Model/Departamento.java</file>
            <file>file:/C:/Users/samue/OneDrive/Documentos/NetBeansProjects/Universidade/src/View/MenuAluno.java</file>
            <file>file:/C:/Users/samue/OneDrive/Documentos/NetBeansProjects/Universidade/src/View/MenuDisciplina.java</file>
            <file>file:/C:/Users/samue/OneDrive/Documentos/NetBeansProjects/Universidade/src/Model/Curso.java</file>
        </group>
    </open-files>
</project-private>
